Datetime,Water Level (m)
2025-04-17 00:00:00,-0.4776758
2025-04-17 01:00:00,-0.33125684
2025-04-17 02:00:00,-0.13800795
2025-04-17 03:00:00,0.048507567
2025-04-17 04:00:00,0.18006122
2025-04-17 05:00:00,0.2446043
2025-04-17 06:00:00,0.2173462
2025-04-17 07:00:00,0.1179861
2025-04-17 08:00:00,-0.027597701
2025-04-17 09:00:00,-0.17728685
2025-04-17 10:00:00,-0.29496482
2025-04-17 11:00:00,-0.34754467
2025-04-17 12:00:00,-0.3375698
2025-04-17 13:00:00,-0.26500082
2025-04-17 14:00:00,-0.14861225
2025-04-17 15:00:00,-0.02142337
2025-04-17 16:00:00,0.0528466
2025-04-17 17:00:00,0.064502366
2025-04-17 18:00:00,0.012961641
2025-04-17 19:00:00,-0.08955034
2025-04-17 20:00:00,-0.23124853
2025-04-17 21:00:00,-0.38272583
2025-04-17 22:00:00,-0.48538968
2025-04-17 23:00:00,-0.5335173
2025-04-18 00:00:00,-0.504628
2025-04-18 01:00:00,-0.4030747
2025-04-18 02:00:00,-0.24778064
2025-04-18 03:00:00,-0.070134
2025-04-18 04:00:00,0.08583353
2025-04-18 05:00:00,0.18170495
2025-04-18 06:00:00,0.20703122
2025-04-18 07:00:00,0.16571394
2025-04-18 08:00:00,0.07222933
2025-04-18 09:00:00,-0.05948702
2025-04-18 10:00:00,-0.18514664
2025-04-18 11:00:00,-0.26731724
2025-04-18 12:00:00,-0.30256474
2025-04-18 13:00:00,-0.2776942
2025-04-18 14:00:00,-0.2175513
2025-04-18 15:00:00,-0.11665764
2025-04-18 16:00:00,-0.04112607
2025-04-18 17:00:00,0.010902454
2025-04-18 18:00:00,-0.004806557
2025-04-18 19:00:00,-0.05639863
2025-04-18 20:00:00,-0.14459962
2025-04-18 21:00:00,-0.26471087
2025-04-18 22:00:00,-0.38099042
2025-04-18 23:00:00,-0.45584777
2025-04-19 00:00:00,-0.46622854
2025-04-19 01:00:00,-0.41979104
2025-04-19 02:00:00,-0.31832352
2025-04-19 03:00:00,-0.17263064
2025-04-19 04:00:00,-0.009274205
2025-04-19 05:00:00,0.1322818
2025-04-19 06:00:00,0.23252133
2025-04-19 07:00:00,0.31424767
2025-04-19 08:00:00,0.30634385
2025-04-19 09:00:00,0.23462762
2025-04-19 10:00:00,0.12832084
2025-04-19 11:00:00,0.009451087
2025-04-19 12:00:00,-0.05559843
2025-04-19 13:00:00,-0.08805733
2025-04-19 14:00:00,-0.085569836
2025-04-19 15:00:00,-0.033671033
2025-04-19 16:00:00,0.04263727
2025-04-19 17:00:00,0.10099084
2025-04-19 18:00:00,0.12871663
2025-04-19 19:00:00,0.124454275
2025-04-19 20:00:00,0.07682916
2025-04-19 21:00:00,0.002852397
2025-04-19 22:00:00,-0.100364745
2025-04-19 23:00:00,-0.1968391
2025-04-20 00:00:00,-0.26305464
2025-04-20 01:00:00,-0.28408563
2025-04-20 02:00:00,-0.24072134
2025-04-20 03:00:00,-0.16794354
2025-04-20 04:00:00,-0.05520485
2025-04-20 05:00:00,0.069233395
2025-04-20 06:00:00,0.16998416
2025-04-20 07:00:00,0.22640468
2025-04-20 08:00:00,0.23844369
2025-04-20 09:00:00,0.20906642
2025-04-20 10:00:00,0.13274674
2025-04-20 11:00:00,0.024423402
2025-04-20 12:00:00,-0.078627706
2025-04-20 13:00:00,-0.16225474
2025-04-20 14:00:00,-0.21194144
2025-04-20 15:00:00,-0.2204406
2025-04-20 16:00:00,-0.19850715
2025-04-20 17:00:00,-0.14617662
2025-04-20 18:00:00,-0.09039889
2025-04-20 19:00:00,-0.053989824
2025-04-20 20:00:00,-0.048709504
2025-04-20 21:00:00,-0.06846395
2025-04-20 22:00:00,-0.1190273
2025-04-20 23:00:00,-0.19774662
2025-04-21 00:00:00,-0.27890614
2025-04-21 01:00:00,-0.32557312
2025-04-21 02:00:00,-0.3417318
2025-04-21 03:00:00,-0.3288545
2025-04-21 04:00:00,-0.2611959
2025-04-21 05:00:00,-0.15490292
2025-04-21 06:00:00,-0.03419004
2025-04-21 07:00:00,0.06735601
2025-04-21 08:00:00,0.13835475
2025-04-21 09:00:00,0.16797021
2025-04-21 10:00:00,0.14970726
2025-04-21 11:00:00,0.079440586
2025-04-21 12:00:00,-0.027528279
2025-04-21 13:00:00,-0.14434662
2025-04-21 14:00:00,-0.23814927
2025-04-21 15:00:00,-0.30786195
2025-04-21 16:00:00,-0.34282717
2025-04-21 17:00:00,-0.32788828
2025-04-21 18:00:00,-0.2723865
2025-04-21 19:00:00,-0.19876204
2025-04-21 20:00:00,-0.13873662
2025-04-21 21:00:00,-0.096701585
2025-04-21 22:00:00,-0.07778048
2025-04-21 23:00:00,-0.11430717
2025-04-22 00:00:00,-0.19671635
2025-04-22 01:00:00,-0.27151564
2025-04-22 02:00:00,-0.34061614
2025-04-22 03:00:00,-0.38768297
2025-04-22 04:00:00,-0.38546357
2025-04-22 05:00:00,-0.33834678
2025-04-22 06:00:00,-0.2406358
2025-04-22 07:00:00,-0.113960564
2025-04-22 08:00:00,0.00669332
2025-04-22 09:00:00,0.0939719
2025-04-22 10:00:00,0.14400893
2025-04-22 11:00:00,0.13911141
2025-04-22 12:00:00,0.063779436
2025-04-22 13:00:00,-0.060984544
2025-04-22 14:00:00,-0.1984071
2025-04-22 15:00:00,-0.3248987
2025-04-22 16:00:00,-0.41928354
2025-04-22 17:00:00,-0.4577346
2025-04-22 18:00:00,-0.4422928
2025-04-22 19:00:00,-0.34610617
2025-04-22 20:00:00,-0.23950416
2025-04-22 21:00:00,-0.1324026
2025-04-22 22:00:00,-0.044256296
2025-04-22 23:00:00,-0.009512237
2025-04-23 00:00:00,-0.034365434
